num_evaluations,best
44,54680748224.044174
55,45618179126.91267
77,45418356126.89039
88,45389662627.742004
143,27782112770.7773
165,27782053596.90137
253,25422468750.788586
264,20927229932.00751
286,20891015444.501614
330,15137282260.796759
352,15137249916.753101
451,9987788799.479315
473,9468928072.624826
495,4959594286.338267
506,132844395.56308223
528,4876744.846016914
539,6599.479889362639
550,100.01667192030075
561,100.00033164025955
572,100.00000841540079
583,100.00000840961548
