num_evaluations,best
55,35038430568.67042
77,23822883167.494827
99,23361269946.82181
121,23289824093.590347
165,12638341351.344818
187,12638302437.633991
286,7109472052.597542
297,4101936108.8226357
319,4014197165.018157
341,3177166189.133815
363,3177084757.8562527
440,2343829912.252122
462,2342967340.9643154
517,1792679158.8109624
528,901618051.5633839
539,54056028.42233184
550,2648575.9972690535
561,20763.62637490048
572,4233.873107587615
583,100.01553753825688
594,100.00000467809161
