num_evaluations,best
44,34648660618.40494
55,20777406782.8313
77,20675846234.928226
88,20492442697.08014
121,13461868596.031971
143,13461830695.366491
242,7802167530.059505
264,5201209565.839348
286,4866964611.770783
308,2076493789.2846873
330,2071551968.7249584
374,1309929513.1233137
396,1309780315.5632527
462,930700229.7777399
473,322463713.73774666
484,761.5738259231871
506,100.18518418455284
517,100.00062730920205
528,100.00000841140307
539,100.00000841118867
