num_evaluations,best
44,61963870758.93314
55,43166905741.451485
77,42066994308.87628
88,41050236568.47642
110,31423444833.974037
132,31423217167.518097
220,22230590534.905735
242,20375543515.67749
253,19438545126.35197
275,11146009165.294775
297,10905750145.711185
319,8614147673.925798
330,4970738981.226511
341,1873310150.8142629
352,2829698.77825423
374,4848.229822056654
385,104.63845826333839
396,100.03028503896081
407,100.0000084787536
418,100.00000840857415
