num_evaluations,best
44,40267355857.88957
55,24395902608.407368
77,24289538744.121647
99,23302533887.537914
121,14517755891.17509
143,14517256188.04345
220,9528941836.738653
242,9508856236.839375
286,6594479323.568691
297,2906034510.0953627
319,2740962005.252727
341,1327589445.356891
363,1326449253.1190808
418,657620457.8527697
429,3412388.1931323484
451,16963.56177087191
462,100.45830033804222
473,100.00000841231376
484,100.00000841044039
528,100.00000841044039
