num_evaluations,best
40,46777657347.98846
84,37334128722.508125
95,24431347941.7111
117,22988348886.311085
139,22783886800.728146
161,22780910075.335674
183,22780855662.013733
216,22778663924.460655
282,17480547978.19124
293,9514078714.233704
315,9491292225.210508
359,5984108379.738649
370,1038486156.5115142
381,317318043.64390016
392,111346261.20428869
403,771576.7939346295
414,9173.613873919443
425,115.66090358997549
436,100.84988405296738
447,100.0000346494335
458,100.00000778444677
