num_evaluations,best
40,92897394702.67168
84,79305591775.08539
95,56380133929.00489
117,56043824655.73475
139,55992211114.59716
161,55990171395.16991
183,55990035196.79156
227,55967902596.18136
282,42171654117.914665
293,26612273079.569565
315,26608947953.69185
381,18231364054.79964
392,5245246050.63743
403,85142881.86310732
425,1271529.1033084833
436,275.7989125813676
447,100.00379977753231
458,100.00005798246205
469,100.00000841023225
