num_evaluations,best
40,70745309763.30922
95,32558195335.34235
117,25390922368.6298
139,23678857592.254185
161,23562568883.516357
183,23562057882.217613
194,23561455558.811172
227,23539387044.821697
282,11054659379.16512
304,8807984633.361298
326,8806309931.972744
392,4794147670.460392
403,123907711.60305999
414,50024289.31800629
425,23848504.764646288
436,210444.71147418523
447,3423.3802442058827
458,115.10570327272363
469,101.68017467521913
480,100.00001577116049
491,100.00000839908654
