num_evaluations,best
40,121277406638.24731
84,98480847992.55531
95,72854486137.86441
117,72590092163.89207
139,72569023881.6348
161,72568704779.92923
172,72568130200.04051
227,72205719482.12518
260,57759789901.021614
282,50098555196.560005
304,50087662858.2233
370,24557750955.247032
381,46424715.506953515
403,152168.5678157799
414,1769.5328047261823
425,109.76281771775899
436,100.00653531104065
447,100.00000811792926
469,100.0000077169075
480,100.00000771199677
