num_evaluations,best
40,102110986201.63498
84,87311956102.1591
95,63665347474.20411
117,58783835162.883255
139,58501623535.998764
161,58499061651.718056
183,58498708224.03262
227,58441223774.3764
271,49125870319.87438
282,36504750705.54972
304,36491467157.27297
359,27915357540.01624
370,13281065439.382261
381,74831280.87674291
403,425621.6733477672
414,1494.5337297565677
425,314.0688328357247
436,100.00000919207584
447,100.00000841456999
458,100.00000841238909
469,100.00000841035974
