num_evaluations,best
44,3088708812.284767
55,2252233671.965472
77,2198923926.4274135
99,2176234406.9664297
121,2172225798.6624975
132,2165838844.3776584
154,2105207787.9499876
176,1542388335.4498658
198,1394312748.7571516
209,1111575418.0384161
220,695524554.565704
231,131206955.5600813
242,99617.31977104183
253,20149.01440684562
264,2485.9248157969246
275,21.78608043038383
286,0.13128696420385158
297,5.569018800297084e-05
308,1.6465471298284856e-08
319,6.613242448284763e-11
