num_evaluations,best
44,5167115646.868002
66,4263006256.9748077
88,4235898616.87752
110,4227479787.564223
121,4221211947.8979273
143,4163086022.3631144
165,3615888183.238403
176,2671023717.5303974
187,1135375215.2606971
209,887789133.8581616
220,554730192.0953424
231,92853894.93576224
242,13245.813067450588
253,7468.679748808108
264,374.78332048281607
275,0.5448182482893515
286,0.007722259507173777
297,5.61573034397826e-08
308,7.156492019810172e-11
319,7.075201480269085e-11
