num_evaluations,best
44,1695759653.8454418
66,1009515278.8993112
88,879079516.4298966
110,845115065.7404628
132,834123872.9732884
154,829940516.0081595
165,821940333.9781418
198,520804730.1892668
220,451029188.3794807
231,321592895.4679111
242,198714127.77406198
253,28065402.42421247
264,35.41964831085914
286,0.016146700853087177
297,2.908476491309797e-08
308,7.006045796303387e-11
319,7.006045796303387e-11
