num_evaluations,best
33,1709139150.370826
44,1246805225.4756994
66,1229341223.639165
77,1221704737.8372607
99,1219912734.7637358
110,1216863862.997044
132,1188887835.218409
154,926182836.7582781
165,790904510.8488171
176,543415177.2673426
187,345180205.1644716
198,61375841.811991066
209,11373.111000683806
231,20.125766095431196
242,0.0009719302720350093
253,1.9494532219746873e-10
264,7.059816290082664e-11
275,7.059816290082664e-11
