num_evaluations,best
44,6261002729.979571
66,6246344540.580571
77,6221463573.36236
99,6220273735.232538
110,6218065052.139663
143,6129724590.791761
165,5288214485.557677
176,3969447765.041848
198,3578120555.1247587
209,2831568788.9398255
220,1615108805.5712113
231,507771662.2150984
242,6441793.052288809
253,39433.59383505188
275,231.70752409402587
286,0.008828325540785786
297,6.103752991832453e-11
