num_evaluations,best
44,2162137940.9257073
66,1400323660.31669
88,1313518063.1978986
110,1291987951.2035313
132,1282287351.46498
143,1278602982.4578278
165,1244651032.104933
187,928900292.7781568
209,784687422.2373619
220,520518972.2019399
231,172808808.80718783
253,25039358.55005254
264,32317.574177280007
275,4208.298300921726
286,1026.957900203654
297,2.54010190845211
308,0.016089440731674804
319,9.240716000024888e-07
330,1.30986673171071e-10
341,7.059382813623715e-11
