num_evaluations,best
44,3493342471.3595605
66,3200853882.67718
88,3196489740.0056915
99,3192296242.4350033
110,3184750758.2273808
132,3125005474.8787804
154,2626955353.690349
165,1734197236.8247647
187,1309738931.1613941
198,604924004.7908174
220,367555030.3662281
231,44447622.48841493
242,3150.7297341893222
264,0.18967762907845037
275,1.402455580434446e-08
286,7.018021390598148e-11
