num_evaluations,best
44,6032473178.880096
66,5181619859.686368
88,5090535992.663495
110,5070814252.518332
132,5065665732.288642
154,5019286798.799507
187,3249306040.5572844
209,2992123002.6399674
220,2888345853.9965267
242,1936563851.1071358
253,496297702.3425548
275,296274511.721046
286,30010758.720200554
297,54995.90313514096
319,98.15971773250403
330,0.00032143652149710595
341,6.795601959819877e-11
352,6.795601959819877e-11
