num_evaluations,best
44,5290577188.549471
66,3870406721.8907175
88,3602677379.3468986
110,3547554194.464495
132,3538692217.608813
143,3522330699.957455
176,2867764462.1021934
187,2642826997.1215734
198,2403781382.746906
209,1945500477.6900544
220,1225949594.3960028
231,279320561.9736888
242,704078.8274518366
253,349.6992162557099
264,258.14617120828694
275,106.35089003409772
286,0.001014204401314665
297,6.7674674514906606e-06
308,7.072664620273835e-11
