num_evaluations,best
33,1768439776.9394708
44,1577249181.3876877
55,1398717642.011156
77,1377624566.6545763
88,1374110349.921848
110,1344401546.8854907
121,1292669837.007631
143,833128378.0954528
165,660358997.1852924
176,358521031.65135497
198,211398494.26647568
209,18664255.204477437
220,12572.364717982546
242,8.614745128288227
253,4.009641918952504e-06
264,7.073385566157653e-11
