num_evaluations,best
33,1856444999.1465073
44,1369746543.1901417
66,1318643567.6480165
77,1308841944.7139583
88,1297139192.3634038
99,1288386316.443694
132,982000625.6131153
143,501008127.4510998
165,410459018.57362443
176,248339445.219167
187,168332489.36539075
198,48718393.98058984
209,24069.3732797141
220,159.24507386214208
231,121.93028538649791
242,58.20580306085861
253,7.704293930734405e-05
264,2.3570337980204068e-07
275,7.074323668286193e-11
