num_evaluations,best
44,2768559127.9233465
55,2175141010.7596684
77,2156688118.289774
88,2146993397.9969056
99,2137310435.6660643
110,2127449342.7702708
143,1776224848.1364994
154,1151495202.3810184
165,276235605.77898324
187,149437308.9985537
198,115118368.69624417
209,58586837.07556799
220,182515.0017804007
231,33803.02007445601
242,4890.335151856101
253,58.578482069120525
264,0.4225613804649948
275,0.00025193249161731615
286,9.35518917580915e-08
297,4.9220826203930935e-11
