num_evaluations,best
33,2307488219.103711
44,1775240491.9054925
66,1537163725.280642
88,1476280608.3008065
110,1464092022.510549
121,1442340011.1725242
143,1255794967.6171887
154,913385074.4919133
176,830299386.8311746
187,671294858.1609688
198,446085332.8717166
209,111472389.13704409
220,53682.59902574357
231,42532.42685200309
242,22991.93254385271
253,461.16872792319776
264,0.00043215700142060107
275,2.3591567860841963e-06
286,7.07538629729066e-11
