num_evaluations,best
44,3443146267.402081
66,2552857429.035581
88,2300488086.4284477
110,2256590144.77781
132,2253015576.0734286
143,2247068588.0857053
187,1425888881.226824
198,563548006.359921
220,452990818.66906726
231,257295253.48553252
242,75732880.92431739
264,852621.9728052074
275,49.95930251931881
297,1.0867973333795473
308,0.0006199738447094748
319,7.075470359852532e-11
