num_evaluations,best
33,529739472.44847834
44,374789632.22809833
55,322816730.9762324
77,299816587.0925688
99,293729002.4244241
121,292015158.6940782
132,288881961.32063943
165,177723894.27145997
176,96507408.41591933
187,10957205.24158866
209,128392.86592496649
220,661.3499490153758
242,4.48101399854969
253,0.00022704092192279393
264,6.527220074824044e-11
275,6.527220074824044e-11
