num_evaluations,best
33,609577575.8269548
44,527039534.59113777
66,515939315.3065488
88,513438471.52007365
110,512663696.0325476
121,511335732.73014235
143,499360823.74347425
165,387918112.7647087
176,272900272.68862426
187,96164805.38995849
209,49095834.89189869
220,51837.25324409088
231,2672.7849069360236
242,1480.136895019758
253,51.44630049972345
264,0.0004817537903938687
275,1.044029480943829e-06
286,7.069996126377755e-11
