num_evaluations,best
44,6104228659.881357
66,5119713820.56616
88,4857541078.593264
110,4800846715.811732
132,4792280615.396295
143,4776970221.010741
187,2622323085.735103
209,1592828075.6161113
231,1405259920.5321333
242,1054758984.3352616
253,651800597.4851832
264,92423465.27899557
275,39898.4793340001
297,21.129344832154153
308,3.130646878816241e-05
319,1.555939151699182e-10
330,7.068713681589038e-11
