num_evaluations,best
33,965365077.3230531
44,750661651.7450539
55,649274588.4535667
66,632036989.8954831
88,624952600.4906148
110,621863379.7613643
132,594853675.1371338
154,358821767.3521325
176,282655523.0857788
187,154878033.16107428
198,95595922.55399576
209,13575205.217781164
220,1236.0685240884488
231,340.96194354973295
242,23.10090572836824
253,0.44290921294298
264,0.0015738616446907667
275,1.72968379528342e-06
286,2.7854335753182e-10
297,6.929086396371648e-11
308,6.929086396371648e-11
