num_evaluations,best
44,5232106396.404589
66,5052903434.782974
77,4941962133.625375
99,4930067264.700698
110,4923007329.700455
121,4909585261.046613
154,4399580847.13629
165,3448321990.194971
187,3083315563.849242
198,2390328282.6689773
209,1282892051.0078888
220,445919220.09078085
231,4814994.819867335
242,263537.7179328915
253,141425.02333421953
264,2334.186850966783
275,0.06721452349057905
286,0.00016571236823284438
297,6.71615964309598e-11
