num_evaluations,best
33,952164595.1215045
55,850663081.8532771
77,832805123.5009716
88,830178389.1143777
99,827054918.0955968
110,825578804.1900843
154,613715055.5192614
165,289658288.5119957
187,255954658.4514541
198,192513680.34561205
209,112957662.058529
220,10595163.915078389
231,5138.525290221198
253,66.09401451581988
264,0.023968486851038865
275,6.492277409797773e-09
286,6.806795485872615e-11
