num_evaluations,best
44,7590259039.76282
66,6537336708.744599
88,6282304722.225737
110,6270106649.536877
121,6258965144.182834
132,6239597449.817844
165,5466179309.242249
176,4133341873.9978538
198,3757444936.329806
209,3037083380.747795
220,1916632665.7541254
231,426261321.5469467
242,858127.2264332267
253,11445.744758744919
275,237.10316826832235
286,0.15277964950881592
297,4.3960736362596965e-07
308,1.918486239539661e-11
352,1.8956954504205313e-11
