num_evaluations,best
44,6217926140.616693
66,5913924208.509241
88,5900107248.212161
110,5897638873.055668
121,5893490574.445848
143,5859158604.884264
176,4517108601.059083
187,3291247073.5677867
198,2004395805.7359262
209,294276698.11251885
231,147599404.57266757
242,4504.312066147465
253,2476.7919010799465
264,80.94767358112527
275,0.1725448823599666
286,0.0018980938934886173
297,4.6043413581347815e-08
308,6.842386347390769e-11
330,6.787980317817833e-11
341,6.787980317817833e-11
