num_evaluations,best
44,4176887238.9273143
66,3985229758.0598497
88,3963754772.5652375
110,3953174019.1846237
132,3948360901.3371964
154,3910252439.3690453
176,3576113822.204374
187,2937355996.8967543
209,2653046826.4986234
220,2110821081.0601087
231,1354204211.1557589
242,275043504.79347634
253,43455.463150385396
264,12811.308916666016
275,700.5799393852539
286,11.839624357357906
297,0.03405907694646144
308,3.306374155812893e-05
319,5.210127645149506e-09
330,6.690118629120168e-11
