num_evaluations,best
33,1527621970.5432916
44,1142885619.2917392
55,1092821049.5194402
77,1069928899.4401813
99,1066838322.8532805
110,1061263300.9641404
132,1016051747.0466783
154,617010517.7864957
176,506551275.7583804
187,308489826.3314545
198,204751373.10349768
209,52845436.032000326
220,22433.48698614171
231,1265.5860949196242
242,631.2575210311933
253,0.3476864596131086
264,0.0014569054268200026
275,5.825797842412186e-09
286,6.872635793099055e-11
