num_evaluations,best
33,202496627.46445733
44,125069046.55393851
55,70645574.86092928
77,54694901.57851344
99,51080133.236613505
121,50539305.44115585
132,49761046.04178772
154,43238931.75091939
165,31212586.02723222
176,18696456.755255602
187,1963563.551949171
198,589.9884284138737
220,0.1948827953251272
231,1.6694724405558919e-06
242,1.7615058374415444e-10
253,7.067705480966876e-11
