num_evaluations,best
44,3797860349.889305
66,3428480816.2321377
88,3311573333.455771
110,3309682072.248599
121,3306447551.2808046
132,3300794248.2604
176,2416919270.702716
187,2128324277.2535143
198,1970554904.1166654
220,705463376.1390107
242,424069063.42128956
253,46129496.01291543
264,10.973617502345213
286,0.030422379210072924
297,6.845901309656705e-07
308,6.111905775644864e-11
