num_evaluations,best
33,413552904.21680164
44,387232647.33247983
55,352970604.0895966
66,327378074.70083106
88,324072263.92061764
110,322543169.97970647
132,308979709.95941055
154,188913225.05532947
176,165055762.8439351
187,122191234.31009224
198,59394285.67512064
209,562583.4591536679
220,1554.8209523806693
231,1135.659572267131
242,446.8601133894047
253,0.004181260003105465
264,2.7328983525875027e-05
275,6.98798590841769e-11
286,6.98798590841769e-11
