num_evaluations,best
33,1704867565.0904913
44,1441069615.6542041
55,1239354615.031754
77,1190291499.9323754
99,1186048953.074405
110,1180741051.1987886
132,1136599477.3299248
154,735559939.031507
165,301165045.8430537
176,72199683.72406575
198,40765735.425851576
209,1994837.8042102805
220,376.5033541079059
242,0.0733833943515948
253,2.533953319668841e-09
264,7.075396708234468e-11
