num_evaluations,best
44,3096822408.619342
66,2353501343.852234
88,2109812279.2659867
110,2100102028.4100778
121,2094662996.106531
154,1894384451.490475
165,1583882011.6344059
176,1036292590.1778908
187,270866997.8062065
209,125383368.07047133
220,9515388.788905406
242,1032592.5038881194
253,287.9637463554616
264,3.704437385591692
286,0.04299086220825735
297,7.05929891549283e-06
308,7.075479673788405e-11
