num_evaluations,best
44,2177892285.5106997
55,1267495660.05552
77,1153593763.285533
99,1134051032.0602796
121,1133791019.5585198
165,1095501366.6154635
187,787660310.3368999
198,363018968.8716388
220,253184535.77950254
231,91190704.82201141
253,31911366.420198906
264,369500.6880452151
275,6751.096093635253
286,5430.219528963408
297,3089.8058936683465
308,170.57978038514543
319,3.0872851364985997e-09
330,5.94907629373021e-11
