num_evaluations,best
44,3267148814.8626
66,3160825826.7452846
88,3119914658.4595785
99,3094486325.930365
121,3081006869.1623597
132,3066275381.856303
154,2925330398.0485764
176,1714246557.2701712
187,907682393.0327992
198,97307533.56452371
209,42227289.98553779
220,29170111.51541666
231,8774210.620605057
242,49225.699348530616
264,286.3686284130121
275,0.04911244145112974
286,4.7783707350932615e-05
297,5.056614597558996e-09
308,6.597009081989052e-11
