num_evaluations,best
33,736646161.828626
44,549703069.4271542
55,326548019.8181403
77,319684887.8843266
99,319348930.44358677
121,316442595.73151094
132,311066413.2298613
154,259773604.61929965
165,197470680.720047
176,94498487.57897024
198,51333993.81009291
209,1169273.4849886154
220,3917.9968585563615
242,12.760689721531556
253,0.00014264605935347931
264,7.075114399521492e-11
