num_evaluations,best
33,409835756.3248855
44,311566596.9205856
55,187054400.96173522
77,134917498.06535518
99,134741979.66337898
121,133309042.86200723
132,130829811.26760139
154,107364442.17679378
165,76842023.71644725
176,29027487.677532353
198,15471848.25653162
209,204936.79418286643
220,6.479302511125931
242,0.00021615488428947135
253,7.240392960642941e-11
264,7.075010849801534e-11
