num_evaluations,best
33,2017812486.2492507
44,1499185748.407123
66,1414464395.4487715
77,1389534081.7793312
99,1381115090.1697903
110,1370616542.3470697
132,1278517913.4179306
154,534887209.39878786
176,485712073.8190981
187,392094324.3448192
198,260848837.51682717
209,63950325.23227307
220,3825.732541338187
231,2172.938352923308
242,121.90664069679488
253,0.18498696458867717
264,0.002926220120878501
275,2.0189544548767015e-08
286,7.132250324772552e-11
297,7.07533170580429e-11
