num_evaluations,best
33,2796020034.8472447
44,2146205768.0604587
66,2047194718.9185376
88,2042779831.2608025
99,2040674460.5627522
110,2036856699.321868
143,1893856118.7830257
165,757203922.3297232
187,657350118.8496321
198,471122427.41852576
209,171290481.9627831
231,103333446.30099934
242,11650908.28381375
253,1291.1100590847573
275,0.14960382279386192
286,1.6764590755311045e-09
297,7.068334943202578e-11
