num_evaluations,best
33,1319445748.9017336
44,987248420.8289655
66,907392522.2777126
88,896757649.3424568
110,894625871.745147
121,890678956.1759925
154,740972517.3191335
165,498927957.65565807
176,451680064.1098917
187,361767133.6605215
198,239994673.20813218
209,57842377.21371157
220,11500.523969079188
242,223.02213608108312
253,0.30642137251295226
264,1.3958730629986557e-08
275,7.047084045666241e-11
286,7.047084045666241e-11
