num_evaluations,best
44,1213511365.271423
66,1172730807.8285477
88,1172272387.724683
99,1171507786.4959517
110,1170118924.237452
121,1167998830.2779489
154,1095811505.3004894
176,496625119.8332435
198,436781523.3503361
209,324912421.743145
220,203398955.08958447
231,32048443.14673236
242,31.81733717346579
264,0.030511593154845983
275,9.715711126307912e-08
286,7.074792875573248e-11
