num_evaluations,best
44,1455906296.5091739
66,1289816308.0542872
88,1265072522.5653222
110,1259429976.3944664
121,1255333544.5518134
132,1249266991.353796
165,1037723620.8912089
176,662981210.9737746
198,600370546.5240167
209,480618447.4713925
220,288246636.1121115
231,69238342.90714279
242,474349.5770647166
253,121.36654790268497
275,0.12616470088811543
286,1.6026213484495361e-06
297,5.7340565215426527e-11
308,5.7340565215426527e-11
