num_evaluations,best
33,2375073659.3633246
44,1860529298.7930806
66,1692044277.7072163
88,1646585937.4291787
110,1636426176.6995406
121,1629435487.5690794
143,1567756503.7424498
165,1009941093.3192965
187,902098516.4840953
198,697406671.9937193
209,345219321.77927005
220,3989343.7838497898
242,45411.57415080212
253,42.47906594482819
275,0.12026811071550136
286,9.904981029831007e-07
297,7.075453499895879e-11
