num_evaluations,best
44,1342347075.7138333
66,1273783787.1485994
88,1245297713.971438
110,1236663514.8226998
132,1235231967.0444984
154,1224335470.0761342
176,1124168938.3116388
187,935512574.2236565
198,721861716.9125856
209,361891924.34259146
231,211519844.62324888
242,16820013.874014314
253,966.3361047355638
275,0.043233286850375564
286,3.318519780403826e-10
297,7.074571238274321e-11
