num_evaluations,best
40,1676550491.6677213
80,1529469365.558887
120,1401669036.4237115
160,1127097057.130665
200,803880911.6056575
233,747824003.8393536
244,523474911.9229151
255,331431079.32747936
277,307005940.6453537
299,305637079.24266666
310,303735256.3900304
321,300305899.3906654
354,176876371.91376284
376,111473710.03489922
387,21115542.638762876
409,10325375.97698969
420,31801.922223143032
431,7.527745251948812
442,1.5566977578741896
453,2.6523500901415173e-10
464,7.061547517491021e-11
