num_evaluations,best
40,4359413743.45674
80,4189199111.25228
120,3861771241.767312
160,3273508694.7828193
200,2690289193.154296
244,1481352630.4164004
266,1024730598.5178571
288,1005157748.4641755
310,1001755148.1663909
321,996231375.0982715
332,991273131.658208
365,822647125.9943193
376,521721928.61427176
387,131465489.36604679
409,33074925.4736286
431,17827623.982806843
442,335155.0744689072
453,7726.591879556558
475,152.01191390026378
486,0.06346588594845401
497,7.075340391824099e-11
