num_evaluations,best
40,239371813.63064253
80,213836361.2800375
120,174527730.82177484
160,145198118.87286836
200,99940555.77432774
222,99940555.77432774
233,99940555.77432774
244,88750973.38745669
266,79428970.6025321
288,76767877.9159695
310,75883997.00145361
321,74620462.73536016
343,63276948.77996573
354,43122014.93646365
365,20543285.610719122
376,452208.8541610595
387,64.15463744512647
409,0.7703908416549919
420,0.000439191978267995
431,3.0269514665826682e-09
442,6.950996667062245e-11
