num_evaluations,best
40,4063183956.1942015
80,3897315266.47618
120,3571801787.778772
160,2759702891.795522
200,1678286737.3500972
233,1678286737.3500972
244,1603639185.721958
266,1583390311.219593
277,1558325763.8734412
299,1554565453.6154864
310,1548874737.6186194
332,1496034620.0366383
354,1013834210.0187082
365,323130180.543055
387,147811722.65402797
409,90020186.87535927
420,11128510.237494275
431,445.29151380122426
442,207.9239462897527
453,4.778368803547091e-10
464,7.0707307088585e-11
