num_evaluations,best
40,1899207346.2449744
80,1683665424.2598772
120,1439451246.9878142
160,1106147793.9098215
200,660744767.5215789
233,660744767.5215789
244,473134528.6834367
255,257821193.8028729
277,211969645.04899347
299,210204567.84769
310,208107277.15845847
321,205134249.70829108
354,98467189.62835407
376,76262540.78644307
387,38302047.76050925
409,22939945.64243666
420,2402812.2744378382
431,24.783217550932424
442,7.9123897044019404
453,6.838126011182145e-11
