num_evaluations,best
40,2926685392.257257
80,2730217086.3748207
120,2244309162.4672966
160,1623277302.1813116
200,812141570.8063581
233,812141570.8063581
255,812141570.8063581
277,812141570.8063581
299,812141570.8063581
310,812141570.8063581
321,812141570.8063581
343,812141570.8063581
365,655381707.1094531
387,562077306.5575998
398,390113522.3103787
409,225941271.519057
420,16089016.99941555
431,7.50347471852575
442,3.8660755832739504
453,0.009565326192714036
464,6.880426696086576e-11
