num_evaluations,best
40,6800665762.754787
80,6673292862.988331
120,6183096773.496322
160,5419564674.995159
200,3587133627.217888
244,2168051451.680457
266,1998829694.3472447
288,1969750607.813975
310,1956725627.2629938
332,1952273605.5123365
343,1944197058.6294625
365,1867794739.980456
387,1193030608.1556177
409,1040152359.0725896
420,757737090.0081791
431,465644592.3412247
442,62537671.12996714
453,331.55472408533853
464,96.6919768909507
475,1.7754837891028323e-09
486,7.06513937283301e-11
