num_evaluations,best
40,48638309535.23032
84,39358559815.76182
95,26259044698.964355
117,23849118346.639088
139,23762552926.036327
161,23761690405.377666
183,23761637064.46846
216,23759672254.527256
260,23456535623.633724
293,12412485390.678755
315,12265024937.654453
348,6807585401.335371
359,251334529.85099494
370,12525874.600333817
392,472784.1198112026
403,801.0437824075278
414,100.0162169048308
425,100.00039332784812
436,100.00000844263924
447,100.00000841202566
458,100.00000841083394
