num_evaluations,best
40,176847987776.47598
84,150518946016.32324
95,114516986379.43451
117,113153655384.78874
139,113090202519.1323
161,113088592547.59366
183,113088098504.7835
216,113068687595.46194
271,101038104511.86526
282,78599494957.67474
304,78538809101.15636
359,42563660843.221
370,16068780326.653215
381,9755835802.872557
392,1030730434.8761334
403,9958442.935873326
414,488179.00673867133
425,145616.09672989318
436,159.67779288898018
447,100.15325577528824
458,100.0000034578564
