num_evaluations,best
40,79633226951.35144
84,65567741442.50972
95,43513159567.034744
117,42955809128.174164
139,42953319748.44148
161,42952848846.72039
172,42952611601.45509
216,42916596438.62635
271,21879245228.217712
293,19847619749.534016
315,19842877481.885723
381,8928820327.590923
392,182987615.22819346
414,3411506.3512532813
425,939.8451674497444
436,119.06138748505079
447,100.56201105720353
458,100.00067665991808
469,100.00001053375722
480,100.00000843543825
491,100.00000841348627
