num_evaluations,best
40,145936878471.03296
84,125396415263.84833
95,90323978603.18265
117,89551680941.91882
139,89520261130.45782
161,89518725773.67093
183,89518266505.36583
216,89500194574.63445
260,86617883140.52292
282,60224158671.26079
304,59642971531.06495
337,37537237944.10178
348,6179637101.041524
359,110907256.838507
381,1818774.004228816
392,451.4128139487302
403,107.21659593616046
414,100.2974218704133
425,100.00027141591399
436,100.00000810624749
458,100.00000810511051
