num_evaluations,best
40,60681602024.82809
84,49083155077.333755
95,41601563582.89399
117,39118507541.28174
139,38958269524.101875
161,38955329388.83619
183,38955253109.11183
205,38954589194.14367
260,38548134441.590645
293,23272603768.028675
315,23143728981.177166
348,17999722620.103817
359,9118194297.183815
370,2838392065.802518
392,381325915.2657991
403,857121.0315351833
414,13079.633038985348
425,6234.215109420916
436,100.11022676878423
447,100.00005003992024
458,100.00000840762218
