num_evaluations,best
40,46896656502.60816
84,36293779677.94698
95,31965417830.924835
117,31814638527.024864
139,31773090406.787216
161,31772812285.813385
172,31772311951.46132
216,31694275578.926178
260,20351872259.90685
271,10961772109.670815
293,10960017052.148052
359,6655424242.710064
370,810757835.9873533
381,54692277.48623215
403,2632535.5001638285
414,5721.60898136255
425,100.25115583061582
436,100.0110231452149
447,100.00000841268154
458,100.00000841081156
469,100.00000841081155
