num_evaluations,best
40,35456428836.5012
84,26996397564.801933
106,23456242934.666187
128,22673453558.32312
150,22616445645.259537
172,22616223059.818344
183,22615895154.104496
227,22562619224.584095
271,14559836539.43318
293,10489450256.486755
315,10482672777.575813
370,6334393062.003255
381,730128918.2339417
392,8878613.724080736
414,98438.50134848237
425,114.8573557718131
436,100.00026972376061
447,100.000009874376
458,100.0000084108686
513,100.0000084108686
