num_evaluations,best
44,40058304815.61683
55,29555965404.527443
77,27601357028.9217
99,26944758819.22432
121,20721145141.271824
143,20716525549.992958
209,9939098646.898607
231,9937636534.211287
286,9115934781.334558
308,2831000275.1099706
330,2828613519.3340483
385,1425154227.035093
407,1425132664.1235607
495,634324384.6106309
506,14403613.518551514
517,9407936.943124156
528,2019660.062469357
539,107.47908303122294
550,100.00035964656925
561,100.00000828968804
583,100.00000828962138
