num_evaluations,best
44,65050793972.3445
55,51514899677.13838
77,49363165110.654755
99,49183846985.658424
143,23213389218.99967
165,23213240232.9766
242,21709782753.72772
264,9659259769.740011
286,9657993842.046833
352,6482848619.16667
374,6482767194.457023
462,3445084955.998408
484,2774440078.418147
495,1585121048.2162533
506,93145104.72313097
517,319916.3668278998
539,1169.482178562653
550,100.01144430324061
561,100.0000089698051
572,100.00000842328497
583,100.00000841098324
