num_evaluations,best
44,2309125944.601058
55,1171964223.3278687
77,1033400297.5578686
99,984137576.5404955
121,973672965.2970916
132,971616340.1714774
176,654154272.4097368
198,576702604.8304864
209,528798713.1794096
220,437289730.3279589
231,298036423.41323537
242,84094693.12102334
253,6557.347106787104
264,323.51871398814467
275,166.0074538308421
286,0.39632920820308926
297,0.0007010044461114541
308,1.268160607452894e-06
319,1.5098708349975835e-10
330,7.072894444833031e-11
