num_evaluations,best
44,2121432002.4531715
66,1902336280.392413
88,1888193632.8212216
99,1869380989.7597868
121,1864916499.475248
132,1858527320.723017
154,1798352792.8831244
176,1247189341.711127
187,651117131.5460964
198,42042680.982593894
220,2232569.279744691
231,36687.72965404811
242,29426.108630017254
253,16585.668773948826
264,788.7191993557772
275,1.3385906664644634e-07
286,4.7209869309884805e-11
308,3.842895704777944e-11
319,3.812658840522978e-11
