num_evaluations,best
44,5296734684.023929
66,5180717391.610811
77,5114122888.555108
99,5096777360.828792
121,5094371768.544465
143,5073336127.470438
176,4233221168.072727
187,3118741762.2923985
209,2827335069.1733084
220,2269600614.5266356
231,1364261654.860055
242,353553477.15094763
253,3053995.5751827667
264,17401.68028611938
286,95.81477425234016
297,0.003178232919030434
308,5.3831046895848474e-11
