num_evaluations,best
44,2984376844.128434
55,2562836720.7408886
77,2519873280.85857
88,2491932055.3953958
110,2482239957.569991
121,2466950177.323526
154,1875256702.3060975
165,1310273729.506206
187,1174464780.393637
198,916272132.5231241
209,511689818.1168089
220,115531240.6025635
231,719539.4448651469
242,10676.952375543837
264,140.6521311036439
275,0.03087112187410388
286,7.075214796327282e-11
