num_evaluations,best
33,448498881.14226305
44,264509830.4467637
66,229967117.8537533
88,215284115.51233265
99,213367809.60753083
110,211386421.3073111
121,208026340.56899637
143,176056872.85658902
154,127024244.01046446
165,52467445.28121216
187,18535104.88104616
198,244367.84652921918
209,1650.931812322528
231,10.56266039696221
242,0.0004816109364720269
253,6.959234248380076e-11
264,6.959234248380076e-11
