num_evaluations,best
44,8232088093.651294
66,7024016148.885978
88,6810864508.929578
110,6807373378.465227
121,6801493975.586155
132,6790550654.525584
176,5117517452.682058
187,2867886564.4391336
198,369472677.4326946
220,36923385.81745971
242,18486877.30559679
253,12700.51991531526
275,278.82135367499734
286,0.16311583713799216
297,7.042150561131988e-11
308,7.042150561131988e-11
