num_evaluations,best
44,964052611.8304323
66,923235376.8633504
77,907646806.2044342
99,906503808.2553877
110,904841614.9619133
132,889094343.2012101
154,751019400.0318537
165,508346436.4633034
187,454141477.55116874
198,351617004.1124523
209,224935792.95853508
220,42450000.991816156
231,6193.396928415208
253,30.21049584197427
264,0.00403481726748391
275,2.0346304689904028e-10
286,7.06571320577225e-11
