num_evaluations,best
40,4359413743.45674
84,2626671512.516835
106,1691504775.721024
128,1663689257.7552803
139,1655794245.5823283
150,1645590457.2244108
161,1638394983.2263765
194,1386870637.7106743
205,932114064.7029785
216,648780791.8834243
227,211556739.8072864
238,11525384.236532854
260,598073.8747609511
271,1132.5477018967476
293,17.808718759431606
304,0.005371266531547973
315,5.914244837826094e-11
