num_evaluations,best
40,3603633973.9183397
84,2242648525.065302
95,1036235942.3776371
117,887276951.5468479
139,830817348.2865423
161,819687280.145891
183,814210520.7473418
216,600386331.2279145
238,530223446.6515548
249,482741462.5130466
260,392590487.9084647
271,258627238.83216012
282,59599945.98483896
293,17466.594601770623
315,714.8873441397895
326,4.729656325046897
337,3.504755519583134e-07
348,5.478983068598961e-11
