num_evaluations,best
40,760539258.1909797
73,572914990.4460429
84,425819371.0421388
106,414165501.39059347
128,411768076.3602924
139,410607823.38942504
150,408848193.0638373
172,395111248.69776136
194,271901046.11795545
205,190260623.66140878
216,69760036.2190086
238,23948536.063703444
249,253269.38582530204
260,2346.196785504049
271,1849.1157945656828
282,981.3239656967321
293,11.203653675450166
304,5.706841529059637e-11
315,5.706841529059637e-11
