num_evaluations,best
40,239371813.63064253
73,184179847.93190494
84,122576059.89687589
95,59175581.229538746
117,44538155.80082011
139,41603820.03359248
161,41003459.74271262
172,40323858.32878611
194,34812674.31092449
205,24689616.30024933
216,15118185.050174385
227,1970559.278124902
238,231.43819578573576
249,172.0801790519477
260,73.06372728884597
271,9.071843789542433e-11
282,7.070270986417941e-11
