num_evaluations,best
40,4063183956.1942015
84,1998548970.6469636
106,1698804992.3733912
128,1680670375.088421
139,1659659395.784461
161,1655186754.1495013
172,1648969228.6208262
194,1591218898.8807883
216,1066036073.6131722
227,462349662.0744815
238,111449690.53561753
260,64985358.66833701
271,5018138.485490532
282,1606.7304465138564
293,1167.5869923744424
304,449.0042308579296
315,9.184973927177081e-11
326,7.074977241761818e-11
337,7.074977241761818e-11
