num_evaluations,best
40,8877909644.537329
84,5844434113.726646
106,4938841535.824889
128,4677053770.42945
150,4635231795.2469
172,4627266381.18733
183,4612947643.063133
227,2515501175.197608
249,2146586764.2507114
260,2084222698.1014256
282,1505595779.779914
293,912645538.233205
304,107917950.04763865
315,65431.57424604614
337,37.44726381131353
348,0.00010123595210294587
359,2.1381815436823738e-08
370,6.930705171042967e-11
381,6.930705171042967e-11
