num_evaluations,best
40,2444764192.7114725
73,2200059175.953694
84,1666067764.2983506
106,1414526085.19518
128,1355205377.0498607
150,1342351051.113441
161,1322782485.7092068
183,1161234360.6414354
194,860994342.367375
216,773375783.9425378
227,607286848.9038682
238,387628637.0134221
249,72716543.5798944
260,16346.031572485459
271,11250.942450767243
282,3312.67704886688
293,0.0004922915768389737
304,6.28784802698519e-07
315,7.075112523587193e-11
