num_evaluations,best
40,7950089608.925905
84,5007353831.575449
106,4262929212.7431817
128,4222766852.925729
150,4209968223.3502407
172,4206054726.1569557
205,4050372892.7712502
227,2865276365.7910724
238,1200437480.6043596
260,811594316.3391354
271,222434015.04027438
293,139908613.77304012
304,22865219.215360463
315,3000.1751757739157
326,1724.0539752155553
337,109.84235153205249
348,7.438563866326913e-11
359,7.075390787995351e-11
