num_evaluations,best
40,1847164064.9374316
73,1636290585.3359897
84,1202308795.5373063
106,1196467118.1083522
117,1187380209.5921056
139,1186315203.5767608
150,1184373788.876481
183,1119182796.7468326
205,574786553.4407448
227,413736835.18309
238,164041514.03450572
260,73354599.06091852
271,2260629.710188202
282,1366.0856822734638
304,0.8451011476096657
315,2.5871331669523747e-07
326,7.075298760004002e-11
