num_evaluations,best
40,509668356.89210296
73,374249557.3835541
84,280733763.99430436
106,243379576.94270483
117,216369758.38767087
139,212647213.37614378
161,211621777.36678264
183,203265214.52917346
205,128575197.5597312
227,108190451.68512867
238,73338443.09293468
249,26021008.299072947
260,299642.1361461604
271,206.37589117851064
282,109.6002897817761
293,1.3153468653320168
304,0.0002022241089075492
315,8.89316606629969e-07
326,7.069166334647453e-11
348,7.068399622139528e-11
