num_evaluations,best
40,4430110186.462695
84,2217184699.0026445
106,1942421595.911884
128,1893530255.9187043
139,1878815118.2190256
150,1876083392.818414
172,1853100754.2309275
183,1810886329.1462455
205,1411764980.1230533
227,1274447349.4538248
238,1012531167.6397113
249,636236539.8588957
260,117906301.76021674
271,36893.95010422773
282,9.892972020819288
293,0.0199952421362058
304,0.013759251468592746
315,0.004045328375576805
326,6.47925614317095e-11
337,6.47925614317095e-11
