num_evaluations,best
40,1899207346.2449744
73,1616570790.4101038
84,1397921340.5593352
95,1164462679.5061927
117,1121030926.050951
139,1118461761.2452192
150,1114488503.952113
172,1080530775.2146063
194,765474533.6021913
205,471882742.56209624
216,65894464.44615984
227,23738683.44961067
249,5380973.355750103
260,16145.855937064814
271,299.28592857102876
282,130.40464355570788
293,0.0025478275536833946
304,1.2878855855326686e-06
315,7.055540020313343e-11
326,7.055540020313343e-11
