num_evaluations,best
40,4789187303.924396
84,2862303811.3012695
95,2232624491.837661
117,2201874045.265294
128,2170700998.596609
150,2160525635.54128
161,2146120129.3045292
194,1613698977.2531698
205,858424573.1333926
227,743963961.9549794
238,530823329.11489534
249,226493314.5024912
260,124870739.03387362
271,4021639.590774872
282,15748.380399631125
304,94.7661388798396
315,0.041087927918183234
326,1.2807668718018112e-05
337,1.0046056438492717e-09
348,6.937090592372791e-11
