num_evaluations,best
40,529444353.35649
73,418485631.5259738
84,260075933.2292115
106,221219986.9355179
128,207264607.0009815
139,204028006.1153708
150,202265168.9806986
161,199248258.74199063
183,170422218.15352386
194,125528508.55106042
205,54091180.0393011
227,25117548.228154927
238,684457.7230411321
249,24.330027055065653
260,14.802942975206744
271,1.8130523509655363
282,6.931041482776802e-11
293,6.931041482776802e-11
