num_evaluations,best
40,9556104872.716312
84,6067591967.079954
106,6035518367.138865
117,5990653678.909108
139,5984204230.217102
150,5976626167.391797
172,5908470954.262233
205,3505522085.4614916
216,2533486221.3492823
238,2270856538.3644724
249,1772305404.380686
260,1122755378.3822722
271,202780969.2068797
282,227857.9253257034
304,1540.1031202493355
315,0.3242457025733215
326,1.1627344720686292e-06
337,6.194056587677285e-11
348,6.194056587677285e-11
