num_evaluations,best
40,11891386569.621271
84,8115104450.343289
106,6453792152.393922
128,6260949105.79055
150,6256467475.1735325
161,6249038296.390645
172,6236033340.092667
216,4389567717.650012
227,1809149845.2450483
238,894281339.6826404
249,665695327.5915774
260,417396515.6660509
271,66614268.48509971
282,591.8334868022448
304,1.0005242585215852
315,0.00012083031633204765
326,6.973516272830591e-11
337,6.973516272830591e-11
348,6.973516272830591e-11
