num_evaluations,best
40,3595660266.129096
84,2097961043.3588517
95,1537356620.2460408
117,1449119106.566882
139,1430064452.6681674
161,1429530830.8614056
194,1410084706.7883775
216,1232463422.1004243
227,914109468.4159527
249,777009236.4134121
260,526343378.6270619
271,331587965.193884
282,55779331.54157201
293,562.0254703920483
304,354.9840355031561
315,60.09811684504134
326,0.0044972779615981935
337,4.3959774841510504e-05
348,7.084334581613511e-11
359,7.075457863332901e-11
