num_evaluations,best
40,5761928347.929573
84,3157576114.111736
106,3087338880.822376
117,3037394803.513594
128,3003159889.7821956
150,2990232248.28604
161,2975629001.657089
183,2836490369.886853
205,1641507228.264285
216,541729209.4630511
238,11631693.44674252
260,6305361.672437007
271,144411.27556654875
282,11211.910325288087
293,4445.8142892765545
304,2.6001497055165474
315,0.010136884302719192
326,5.105936719464474e-08
337,6.556540163262476e-11
348,6.556540163262476e-11
