num_evaluations,best
40,1564363075.1679769
84,931082511.3449775
106,765824177.1518577
128,742800057.8707759
150,742565510.8038814
161,742147711.8584962
194,727660459.0600019
216,597565261.1458845
227,379308460.79194605
249,339852917.24404395
260,265178189.90342596
271,169709279.45945674
282,32194973.739168584
293,2650.8872559966726
315,50.95115104626994
326,0.04940232066465648
337,3.608312273139138e-10
348,7.060902817420081e-11
