num_evaluations,best
40,3808616206.8087816
84,2058783018.3016737
106,1404928700.2618508
128,1285883844.667622
150,1267141111.825154
172,1258004372.0013397
183,1254446800.2618604
205,1221265176.4814334
227,913231394.9625301
249,760035050.8146361
260,482081879.55724806
271,86040325.97956637
293,53380944.75166601
304,7794394.8692672625
315,4779.242318907804
326,3743.781767920143
337,1944.297052815739
348,8.271701721310388
359,7.08062782642776e-11
370,7.075384700623842e-11
