num_evaluations,best
40,785252911.3085418
73,711559407.9902302
84,537280838.9743565
95,307106471.6334483
117,301671439.8430951
139,300296484.9449561
150,298103888.48508924
161,294066252.22597915
194,153751543.9722299
216,98735767.22602868
227,23641582.808532722
249,7736952.389598451
260,71516.54804270435
271,827.1377851506901
282,583.676423611412
293,195.47787662440837
304,2.1005916319428024e-07
315,6.405591756348955e-11
326,6.405591756348955e-11
337,6.405591756348955e-11
