num_evaluations,best
40,421421340.72222716
73,391418624.45301133
84,302249974.01009953
95,188847914.41111514
117,145374762.61645478
139,145127583.5337491
161,143142356.63620085
172,139786181.2293896
194,108448609.52358717
205,79186418.97841267
216,31999082.036864996
238,18911404.00855638
249,1713720.1626643052
260,27.41535987373576
282,0.00039895684530241916
293,6.993740260940599e-11
304,6.993740260940599e-11
