num_evaluations,best
40,2184903662.4778404
73,1943932134.5152001
84,1419294167.5253286
106,1340407441.6518373
117,1307975287.1640666
139,1297895353.7436533
150,1284551694.840053
172,1169852182.2540457
183,950961708.9594243
205,858838191.8787177
216,683449299.6425538
227,447526195.74978167
238,100166622.54348794
249,2458.4677881512907
260,53.703853426296924
271,28.23069556241181
282,0.22406600575272834
293,4.220928544730354e-06
304,6.426785330239364e-09
315,7.074519717689707e-11
