num_evaluations,best
40,2980215637.461023
84,1662703641.9507406
106,934560546.1812272
128,835534935.175499
150,831717258.1681033
172,829757148.6197662
183,826844646.0327022
205,799947205.6479329
227,553250524.6235387
249,499489204.9378966
260,396859692.91523933
271,234662270.14901885
282,49480597.594421335
293,292516.48471394373
304,6525.474673484352
315,4438.66005364655
326,1224.1358432460681
337,3.466958812652208e-05
348,1.7101932293511473e-08
359,7.075381758042811e-11
