num_evaluations,best
40,8994765161.454815
84,5799475315.672939
106,5012484956.572534
128,4949989713.521346
150,4930608002.7886
172,4925430510.269717
194,4877744729.927907
227,3071284417.364117
249,2845029125.8337436
260,2696215636.148105
282,1403662725.7624252
293,52292506.4019069
315,1337117.4586282293
326,40300.28599236754
337,29544.99317952779
348,11813.406840627726
359,0.0010945573355761124
370,1.074743015920333e-06
381,7.075089675555106e-11
392,7.075089675555106e-11
