num_evaluations,best
40,1126072420.8906212
73,866808728.1145377
95,776033699.4904433
117,759190153.15908
128,751955825.1723818
150,748274412.8824426
172,746997722.6169215
216,558429110.9309657
227,278975346.34034467
249,227543595.3881633
260,135700254.7235787
271,72138917.49355486
282,3869100.1254865206
293,21438.68016499001
315,944.2355554057619
326,1.864681948575344
337,1.1124172969900432e-10
348,7.058396246773476e-11
