num_evaluations,best
40,1412099664.1934958
73,1276540961.918597
84,956120381.6863861
106,864796517.7613376
128,853461554.023007
150,851120595.5414481
161,846696410.5521564
194,681832878.4410903
205,427924296.15090007
227,306929417.6667127
238,121733778.91834229
260,48825627.415223345
271,984804.6695320645
282,5002.286795277939
304,24.33014509484481
315,0.0006946660648882289
326,7.075360526839727e-11
