num_evaluations,best
40,2926685392.257257
84,1140081149.0469558
106,1119097811.1742542
128,1118109892.633677
139,1117159084.2319305
150,1115543678.781645
161,1113061953.9288192
194,1027919209.3910114
216,369387581.0454948
238,292563990.5853123
249,159712282.7838282
271,97346687.4878867
282,12125924.375983967
293,173.09745992637107
315,0.0062057025636937015
326,7.720475494576447e-10
337,7.071890497212574e-11
