num_evaluations,best
40,7664478790.390314
84,5118755790.722961
106,3933133836.2920523
128,3687499930.834453
150,3627212300.8962913
172,3617331152.9196873
183,3599202965.5035443
216,2872880202.0818443
238,2596389410.8562393
249,2399568273.0524163
271,828512364.5645902
293,390918229.0723356
304,6696466.173098588
315,14091.759635033728
326,8049.229890051281
337,470.6019188881966
348,1.4931257016284304e-09
359,6.964125317181084e-11
