num_evaluations,best
40,2019234210.8736618
73,1680903879.9211354
84,1392192405.0419672
95,1286335740.1783395
117,1268057113.9357402
128,1256446614.4413095
139,1236422160.1258552
150,1198901070.977624
172,855933761.7141582
194,722751912.2939302
205,478927081.1660937
216,194210406.87881735
227,55556392.37767324
238,11155.776882665597
260,42.15393083708281
271,0.002984409347356124
282,1.8594529483990332e-10
293,7.05750804578727e-11
304,7.05750804578727e-11
315,7.05750804578727e-11
