num_evaluations,best
40,3190883588.214863
84,1360502043.2027197
106,1227911715.1932693
128,1202357236.0681999
150,1194551425.269948
161,1191397865.5042427
172,1186675534.1765635
205,1013501253.1192049
216,702582774.3589647
238,629519178.7244445
249,490632169.62765944
260,268512863.6530275
271,84028292.63701312
282,799969.5892122762
293,289.12167927478106
315,0.618280823242875
326,2.5593121285725617e-05
337,7.997803857276341e-11
348,7.069491066589132e-11
