num_evaluations,best
40,5530396405.257456
84,3308995753.0818386
106,2563595981.201602
128,2301639567.75493
150,2254433150.988098
172,2250675369.550661
183,2244313179.1039367
216,1989513219.2856202
227,1543359812.1709373
249,1370520178.9736376
260,1043624517.9777117
271,488495108.0768469
293,214991004.35341418
304,17491305.496583574
315,41375.23383453333
337,96.27994200265249
348,0.00034264008390866605
359,7.073763250497004e-11
370,7.073763250497004e-11
