num_evaluations,best
40,2551179668.457779
73,2294872063.072414
84,1797942193.0297291
106,1633541248.0448556
128,1585055474.099802
150,1575781323.104311
161,1569484996.2120366
183,1512965132.0650077
205,999321674.6948287
227,894951882.6673758
238,696541430.06211
249,353762216.4530387
260,235251964.41509715
271,76059772.44980621
282,540707.1961868171
293,5588.814338790695
304,3916.0475148739893
315,1265.9616870746245
326,1.955377959501443e-05
337,9.262626246146391e-09
348,7.057229214982698e-11
