num_evaluations,best
40,3024632169.3824177
84,1231926355.5562167
106,1192625640.039074
128,1172129275.8255188
139,1162655770.4326346
161,1161298323.0127544
183,1150838328.8853924
205,1057333287.3568994
216,880164227.5797408
227,680198829.0208738
238,343379085.8886566
260,198362576.24860454
271,13578912.694175344
282,3612.1144114463873
304,0.9721897286340588
315,7.59085457767876e-08
326,7.073725662974268e-11
