num_evaluations,best
40,9476262858.974318
84,6056647044.335727
106,5726819266.813826
128,5724302926.923915
139,5723630195.291646
161,5717650472.065399
183,5664745437.742071
216,3789238547.193084
227,1639642513.356453
249,1498141988.5658174
271,417047977.2671404
293,252001139.7396642
304,28876320.450637423
315,553.4345154380715
326,443.19765009013804
337,248.48960033103435
348,10.812573973376594
359,7.075355366502074e-11
370,7.075355366502074e-11
