num_evaluations,best
40,595363364.2878131
73,507351096.6546728
84,357542379.536809
95,324899897.049762
106,299154765.6927151
128,292798654.31679463
150,290694427.82707465
161,286932571.94828296
194,158381844.06044784
205,100384231.0242067
216,18933175.4649952
238,10815543.521266429
249,634281.7475294492
260,1592.3179597309377
271,1189.3072706772796
282,514.5354920627476
293,2.868267789244025e-10
304,7.044761334766932e-11
