evaluations,best
0,1527621970.5432916
1,1142885619.2917392
2,1092821049.5194402
3,1069928899.4401813
4,1066838322.8532805
5,1061263300.9641404
6,1016051747.0466783
7,617010517.7864957
8,506551275.7583804
9,308489826.3314545
10,204751373.10349768
11,52845436.032000326
12,22433.48698614171
13,1265.5860949196242
14,631.2575210311933
15,0.3476864596131086
16,0.0014569054268200026
17,5.825797842412186e-09
18,6.872635793099055e-11
