evaluations,best
0,2768559127.9233465
1,2175141010.7596684
2,2156688118.289774
3,2146993397.9969056
4,2137310435.6660643
5,2127449342.7702708
6,1776224848.1364994
7,1151495202.3810184
8,276235605.77898324
9,149437308.9985537
10,115118368.69624417
11,58586837.07556799
12,182515.0017804007
13,33803.02007445601
14,4890.335151856101
15,58.578482069120525
16,0.4225613804649948
17,0.00025193249161731615
18,9.35518917580915e-08
19,4.9220826203930935e-11
