evaluations,best
0,2309125944.601058
1,1171964223.3278687
2,1033400297.5578686
3,984137576.5404955
4,973672965.2970916
5,971616340.1714774
6,654154272.4097368
7,576702604.8304864
8,528798713.1794096
9,437289730.3279589
10,298036423.41323537
11,84094693.12102334
12,6557.347106787104
13,323.51871398814467
14,166.0074538308421
15,0.39632920820308926
16,0.0007010044461114541
17,1.268160607452894e-06
18,1.5098708349975835e-10
19,7.072894444833031e-11
