evaluations,best
0,4505370606.816781
1,3841294727.5437737
2,3617602007.5991554
3,3567407504.0153575
4,3559405762.3088975
5,3544674163.380879
6,2977509712.461836
7,2024468318.4781837
8,1773152828.3993404
9,1302105446.6374652
10,623817602.0288861
11,147441895.08629295
12,257462.66048648895
13,33070.144926734596
14,8181.530487779997
15,21.566402407268477
16,0.1416080896909778
17,8.875181424039839e-06
18,1.2658871031212217e-09
19,7.028887645866199e-11
20,7.028887645866199e-11
