evaluations,best
0,609577575.8269548
1,527039534.59113777
2,515939315.3065488
3,513438471.52007365
4,512663696.0325476
5,511335732.73014235
6,499360823.74347425
7,387918112.7647087
8,272900272.68862426
9,96164805.38995849
10,49095834.89189869
11,51837.25324409088
12,2672.7849069360236
13,1480.136895019758
14,51.44630049972345
15,0.0004817537903938687
16,1.044029480943829e-06
17,7.069996126377755e-11
