evaluations,best
0,202496627.46445733
1,125069046.55393851
2,70645574.86092928
3,54694901.57851344
4,51080133.236613505
5,50539305.44115585
6,49761046.04178772
7,43238931.75091939
8,31212586.02723222
9,18696456.755255602
10,1963563.551949171
11,589.9884284138737
12,0.1948827953251272
13,1.6694724405558919e-06
14,1.7615058374415444e-10
15,7.067705480966876e-11
