evaluations,best
0,2121432002.4531715
1,1902336280.392413
2,1888193632.8212216
3,1869380989.7597868
4,1864916499.475248
5,1858527320.723017
6,1798352792.8831244
7,1247189341.711127
8,651117131.5460964
9,42042680.982593894
10,2232569.279744691
11,36687.72965404811
12,29426.108630017254
13,16585.668773948826
14,788.7191993557772
15,1.3385906664644634e-07
16,4.7209869309884805e-11
17,3.842895704777944e-11
18,3.812658840522978e-11
