evaluations,best
0,3088708812.284767
1,2252233671.965472
2,2198923926.4274135
3,2176234406.9664297
4,2172225798.6624975
5,2165838844.3776584
6,2105207787.9499876
7,1542388335.4498658
8,1394312748.7571516
9,1111575418.0384161
10,695524554.565704
11,131206955.5600813
12,99617.31977104183
13,20149.01440684562
14,2485.9248157969246
15,21.78608043038383
16,0.13128696420385158
17,5.569018800297084e-05
18,1.6465471298284856e-08
19,6.613242448284763e-11
