evaluations,best
0,6104228659.881357
1,5119713820.56616
2,4857541078.593264
3,4800846715.811732
4,4792280615.396295
5,4776970221.010741
6,2622323085.735103
7,1592828075.6161113
8,1405259920.5321333
9,1054758984.3352616
10,651800597.4851832
11,92423465.27899557
12,39898.4793340001
13,21.129344832154153
14,3.130646878816241e-05
15,1.555939151699182e-10
16,7.068713681589038e-11
