evaluations,best
0,2307488219.103711
1,1775240491.9054925
2,1537163725.280642
3,1476280608.3008065
4,1464092022.510549
5,1442340011.1725242
6,1255794967.6171887
7,913385074.4919133
8,830299386.8311746
9,671294858.1609688
10,446085332.8717166
11,111472389.13704409
12,53682.59902574357
13,42532.42685200309
14,22991.93254385271
15,461.16872792319776
16,0.00043215700142060107
17,2.3591567860841963e-06
18,7.07538629729066e-11
