evaluations,best
0,5167115646.868002
1,4263006256.9748077
2,4235898616.87752
3,4227479787.564223
4,4221211947.8979273
5,4163086022.3631144
6,3615888183.238403
7,2671023717.5303974
8,1135375215.2606971
9,887789133.8581616
10,554730192.0953424
11,92853894.93576224
12,13245.813067450588
13,7468.679748808108
14,374.78332048281607
15,0.5448182482893515
16,0.007722259507173777
17,5.61573034397826e-08
18,7.156492019810172e-11
19,7.075201480269085e-11
