evaluations,best
0,3797860349.889305
1,3428480816.2321377
2,3311573333.455771
3,3309682072.248599
4,3306447551.2808046
5,3300794248.2604
6,2416919270.702716
7,2128324277.2535143
8,1970554904.1166654
9,705463376.1390107
10,424069063.42128956
11,46129496.01291543
12,10.973617502345213
13,0.030422379210072924
14,6.845901309656705e-07
15,6.111905775644864e-11
