evaluations,best
0,5296734684.023929
1,5180717391.610811
2,5114122888.555108
3,5096777360.828792
4,5094371768.544465
5,5073336127.470438
6,4233221168.072727
7,3118741762.2923985
8,2827335069.1733084
9,2269600614.5266356
10,1364261654.860055
11,353553477.15094763
12,3053995.5751827667
13,17401.68028611938
14,95.81477425234016
15,0.003178232919030434
16,5.3831046895848474e-11
