evaluations,best
0,1695759653.8454418
1,1009515278.8993112
2,879079516.4298966
3,845115065.7404628
4,834123872.9732884
5,829940516.0081595
6,821940333.9781418
7,520804730.1892668
8,451029188.3794807
9,321592895.4679111
10,198714127.77406198
11,28065402.42421247
12,35.41964831085914
13,0.016146700853087177
14,2.908476491309797e-08
15,7.006045796303387e-11
16,7.006045796303387e-11
