evaluations,best
0,1709139150.370826
1,1246805225.4756994
2,1229341223.639165
3,1221704737.8372607
4,1219912734.7637358
5,1216863862.997044
6,1188887835.218409
7,926182836.7582781
8,790904510.8488171
9,543415177.2673426
10,345180205.1644716
11,61375841.811991066
12,11373.111000683806
13,20.125766095431196
14,0.0009719302720350093
15,1.9494532219746873e-10
16,7.059816290082664e-11
17,7.059816290082664e-11
