evaluations,best
0,413552904.21680164
1,387232647.33247983
2,352970604.0895966
3,327378074.70083106
4,324072263.92061764
5,322543169.97970647
6,308979709.95941055
7,188913225.05532947
8,165055762.8439351
9,122191234.31009224
10,59394285.67512064
11,562583.4591536679
12,1554.8209523806693
13,1135.659572267131
14,446.8601133894047
15,0.004181260003105465
16,2.7328983525875027e-05
17,6.98798590841769e-11
18,6.98798590841769e-11
