evaluations,best
0,2297673709.290162
1,2057335323.0915527
2,2017853275.594617
3,2013017094.2891161
4,2006102641.9825537
5,1948669396.4047585
6,1859775257.9741445
7,1077204736.7102966
8,971685269.4102318
9,770932183.8418808
10,506075635.55378133
11,114612682.54625243
12,1989.2639413022712
13,484.1420451582525
14,41.44112952250022
15,0.5146497999413363
16,0.0023555677330554096
17,1.630315913206994e-06
18,3.8514882833176454e-10
19,6.988288847973051e-11
20,6.988288847973051e-11
