evaluations,best
0,448498881.14226305
1,264509830.4467637
2,229967117.8537533
3,215284115.51233265
4,213367809.60753083
5,211386421.3073111
6,208026340.56899637
7,176056872.85658902
8,127024244.01046446
9,52467445.28121216
10,18535104.88104616
11,244367.84652921918
12,1650.931812322528
13,10.56266039696221
14,0.0004816109364720269
15,6.959234248380076e-11
16,6.959234248380076e-11
