evaluations,best
0,3096822408.619342
1,2353501343.852234
2,2109812279.2659867
3,2100102028.4100778
4,2094662996.106531
5,1894384451.490475
6,1583882011.6344059
7,1036292590.1778908
8,270866997.8062065
9,125383368.07047133
10,9515388.788905406
11,1032592.5038881194
12,287.9637463554616
13,3.704437385591692
14,0.04299086220825735
15,7.05929891549283e-06
16,7.075479673788405e-11
