evaluations,best
0,6261002729.979571
1,6246344540.580571
2,6221463573.36236
3,6220273735.232538
4,6218065052.139663
5,6129724590.791761
6,5288214485.557677
7,3969447765.041848
8,3578120555.1247587
9,2831568788.9398255
10,1615108805.5712113
11,507771662.2150984
12,6441793.052288809
13,39433.59383505188
14,231.70752409402587
15,0.008828325540785786
16,6.103752991832453e-11
