evaluations,best
0,2177892285.5106997
1,1267495660.05552
2,1153593763.285533
3,1134051032.0602796
4,1133791019.5585198
5,1095501366.6154635
6,787660310.3368999
7,363018968.8716388
8,253184535.77950254
9,91190704.82201141
10,31911366.420198906
11,369500.6880452151
12,6751.096093635253
13,5430.219528963408
14,3089.8058936683465
15,170.57978038514543
16,3.0872851364985997e-09
17,5.94907629373021e-11
