evaluations,best
0,5502031465.681101
1,5142350246.369704
2,5012501416.407709
3,4966892478.701361
4,4959588462.080414
5,4901629504.654947
6,4388543438.895931
7,3425136112.4125767
8,3086946648.489071
9,2442167339.858235
10,1474263174.3037803
11,251439416.65819424
12,654514.7508331093
13,254720.40559500846
14,5664.608244181067
15,105.03996426308858
16,0.09820984417869504
17,8.515793706390317e-05
18,3.2628894057378677e-09
19,6.766537701840487e-11
20,6.766537701840487e-11
