evaluations,best
0,3267148814.8626
1,3160825826.7452846
2,3119914658.4595785
3,3094486325.930365
4,3081006869.1623597
5,3066275381.856303
6,2925330398.0485764
7,1714246557.2701712
8,907682393.0327992
9,97307533.56452371
10,42227289.98553779
11,29170111.51541666
12,8774210.620605057
13,49225.699348530616
14,286.3686284130121
15,0.04911244145112974
16,4.7783707350932615e-05
17,5.056614597558996e-09
18,6.597009081989052e-11
