evaluations,best
0,964052611.8304323
1,923235376.8633504
2,907646806.2044342
3,906503808.2553877
4,904841614.9619133
5,889094343.2012101
6,751019400.0318537
7,508346436.4633034
8,454141477.55116874
9,351617004.1124523
10,224935792.95853508
11,42450000.991816156
12,6193.396928415208
13,30.21049584197427
14,0.00403481726748391
15,2.0346304689904028e-10
16,7.06571320577225e-11
