evaluations,best
0,2162137940.9257073
1,1400323660.31669
2,1313518063.1978986
3,1291987951.2035313
4,1282287351.46498
5,1278602982.4578278
6,1244651032.104933
7,928900292.7781568
8,784687422.2373619
9,520518972.2019399
10,172808808.80718783
11,25039358.55005254
12,32317.574177280007
13,4208.298300921726
14,1026.957900203654
15,2.54010190845211
16,0.016089440731674804
17,9.240716000024888e-07
18,1.30986673171071e-10
19,7.059382813623715e-11
