evaluations,best
0,736646161.828626
1,549703069.4271542
2,326548019.8181403
3,319684887.8843266
4,319348930.44358677
5,316442595.73151094
6,311066413.2298613
7,259773604.61929965
8,197470680.720047
9,94498487.57897024
10,51333993.81009291
11,1169273.4849886154
12,3917.9968585563615
13,12.760689721531556
14,0.00014264605935347931
15,7.075114399521492e-11
