evaluations,best
0,3493342471.3595605
1,3200853882.67718
2,3196489740.0056915
3,3192296242.4350033
4,3184750758.2273808
5,3125005474.8787804
6,2626955353.690349
7,1734197236.8247647
8,1309738931.1613941
9,604924004.7908174
10,367555030.3662281
11,44447622.48841493
12,3150.7297341893222
13,0.18967762907845037
14,1.402455580434446e-08
15,7.018021390598148e-11
