evaluations,best
0,2796020034.8472447
1,2146205768.0604587
2,2047194718.9185376
3,2042779831.2608025
4,2040674460.5627522
5,2036856699.321868
6,1893856118.7830257
7,757203922.3297232
8,657350118.8496321
9,471122427.41852576
10,171290481.9627831
11,103333446.30099934
12,11650908.28381375
13,1291.1100590847573
14,0.14960382279386192
15,1.6764590755311045e-09
16,7.068334943202578e-11
