evaluations,best
0,965365077.3230531
1,750661651.7450539
2,649274588.4535667
3,632036989.8954831
4,624952600.4906148
5,621863379.7613643
6,594853675.1371338
7,358821767.3521325
8,282655523.0857788
9,154878033.16107428
10,95595922.55399576
11,13575205.217781164
12,1236.0685240884488
13,340.96194354973295
14,23.10090572836824
15,0.44290921294298
16,0.0015738616446907667
17,1.72968379528342e-06
18,2.7854335753182e-10
19,6.929086396371648e-11
20,6.929086396371648e-11
