evaluations,best
0,6032473178.880096
1,5181619859.686368
2,5090535992.663495
3,5070814252.518332
4,5065665732.288642
5,5019286798.799507
6,3249306040.5572844
7,2992123002.6399674
8,2888345853.9965267
9,1936563851.1071358
10,496297702.3425548
11,296274511.721046
12,30010758.720200554
13,54995.90313514096
14,98.15971773250403
15,0.00032143652149710595
16,6.795601959819877e-11
17,6.795601959819877e-11
