evaluations,best
0,952164595.1215045
1,850663081.8532771
2,832805123.5009716
3,830178389.1143777
4,827054918.0955968
5,825578804.1900843
6,613715055.5192614
7,289658288.5119957
8,255954658.4514541
9,192513680.34561205
10,112957662.058529
11,10595163.915078389
12,5138.525290221198
13,66.09401451581988
14,0.023968486851038865
15,6.492277409797773e-09
16,6.806795485872615e-11
