evaluations,best
0,1319445748.9017336
1,987248420.8289655
2,907392522.2777126
3,896757649.3424568
4,894625871.745147
5,890678956.1759925
6,740972517.3191335
7,498927957.65565807
8,451680064.1098917
9,361767133.6605215
10,239994673.20813218
11,57842377.21371157
12,11500.523969079188
13,223.02213608108312
14,0.30642137251295226
15,1.3958730629986557e-08
16,7.047084045666241e-11
17,7.047084045666241e-11
