evaluations,best
0,1213511365.271423
1,1172730807.8285477
2,1172272387.724683
3,1171507786.4959517
4,1170118924.237452
5,1167998830.2779489
6,1095811505.3004894
7,496625119.8332435
8,436781523.3503361
9,324912421.743145
10,203398955.08958447
11,32048443.14673236
12,31.81733717346579
13,0.030511593154845983
14,9.715711126307912e-08
15,7.074792875573248e-11
