evaluations,best
0,5290577188.549471
1,3870406721.8907175
2,3602677379.3468986
3,3547554194.464495
4,3538692217.608813
5,3522330699.957455
6,2867764462.1021934
7,2642826997.1215734
8,2403781382.746906
9,1945500477.6900544
10,1225949594.3960028
11,279320561.9736888
12,704078.8274518366
13,349.6992162557099
14,258.14617120828694
15,106.35089003409772
16,0.001014204401314665
17,6.7674674514906606e-06
18,7.072664620273835e-11
