evaluations,best
0,1768439776.9394708
1,1577249181.3876877
2,1398717642.011156
3,1377624566.6545763
4,1374110349.921848
5,1344401546.8854907
6,1292669837.007631
7,833128378.0954528
8,660358997.1852924
9,358521031.65135497
10,211398494.26647568
11,18664255.204477437
12,12572.364717982546
13,8.614745128288227
14,4.009641918952504e-06
15,7.073385566157653e-11
