evaluations,best
0,1856444999.1465073
1,1369746543.1901417
2,1318643567.6480165
3,1308841944.7139583
4,1297139192.3634038
5,1288386316.443694
6,982000625.6131153
7,501008127.4510998
8,410459018.57362443
9,248339445.219167
10,168332489.36539075
11,48718393.98058984
12,24069.3732797141
13,159.24507386214208
14,121.93028538649791
15,58.20580306085861
16,7.704293930734405e-05
17,2.3570337980204068e-07
18,7.074323668286193e-11
