evaluations,best
0,1455906296.5091739
1,1289816308.0542872
2,1265072522.5653222
3,1259429976.3944664
4,1255333544.5518134
5,1249266991.353796
6,1037723620.8912089
7,662981210.9737746
8,600370546.5240167
9,480618447.4713925
10,288246636.1121115
11,69238342.90714279
12,474349.5770647166
13,121.36654790268497
14,0.12616470088811543
15,1.6026213484495361e-06
16,5.7340565215426527e-11
17,5.7340565215426527e-11
