evaluations,best
0,2375073659.3633246
1,1860529298.7930806
2,1692044277.7072163
3,1646585937.4291787
4,1636426176.6995406
5,1629435487.5690794
6,1567756503.7424498
7,1009941093.3192965
8,902098516.4840953
9,697406671.9937193
10,345219321.77927005
11,3989343.7838497898
12,45411.57415080212
13,42.47906594482819
14,0.12026811071550136
15,9.904981029831007e-07
16,7.075453499895879e-11
