evaluations,best
0,1342347075.7138333
1,1273783787.1485994
2,1245297713.971438
3,1236663514.8226998
4,1235231967.0444984
5,1224335470.0761342
6,1124168938.3116388
7,935512574.2236565
8,721861716.9125856
9,361891924.34259146
10,211519844.62324888
11,16820013.874014314
12,966.3361047355638
13,0.043233286850375564
14,3.318519780403826e-10
15,7.074571238274321e-11
