evaluations,best
0,7590259039.76282
1,6537336708.744599
2,6282304722.225737
3,6270106649.536877
4,6258965144.182834
5,6239597449.817844
6,5466179309.242249
7,4133341873.9978538
8,3757444936.329806
9,3037083380.747795
10,1916632665.7541254
11,426261321.5469467
12,858127.2264332267
13,11445.744758744919
14,237.10316826832235
15,0.15277964950881592
16,4.3960736362596965e-07
17,1.918486239539661e-11
18,1.8956954504205313e-11
