evaluations,best
0,6217926140.616693
1,5913924208.509241
2,5900107248.212161
3,5897638873.055668
4,5893490574.445848
5,5859158604.884264
6,4517108601.059083
7,3291247073.5677867
8,2004395805.7359262
9,294276698.11251885
10,147599404.57266757
11,4504.312066147465
12,2476.7919010799465
13,80.94767358112527
14,0.1725448823599666
15,0.0018980938934886173
16,4.6043413581347815e-08
17,6.842386347390769e-11
18,6.787980317817833e-11
19,6.787980317817833e-11
