evaluations,best
0,4176887238.9273143
1,3985229758.0598497
2,3963754772.5652375
3,3953174019.1846237
4,3948360901.3371964
5,3910252439.3690453
6,3576113822.204374
7,2937355996.8967543
8,2653046826.4986234
9,2110821081.0601087
10,1354204211.1557589
11,275043504.79347634
12,43455.463150385396
13,12811.308916666016
14,700.5799393852539
15,11.839624357357906
16,0.03405907694646144
17,3.306374155812893e-05
18,5.210127645149506e-09
19,6.690118629120168e-11
