evaluations,best
0,529739472.44847834
1,374789632.22809833
2,322816730.9762324
3,299816587.0925688
4,293729002.4244241
5,292015158.6940782
6,288881961.32063943
7,177723894.27145997
8,96507408.41591933
9,10957205.24158866
10,128392.86592496649
11,661.3499490153758
12,4.48101399854969
13,0.00022704092192279393
14,6.527220074824044e-11
15,6.527220074824044e-11
