num_evaluations,best
40,1676550491.6677213
80,1529469365.558887
113,1342906899.5153122
124,1026880831.3929272
135,814277401.4959235
157,793574318.6594074
179,790199116.8515759
190,783953623.4805038
201,772655736.4753456
234,377543506.61934596
256,294984825.3783403
267,152285990.88174555
289,80495346.91450596
300,792637.948530655
311,338.7651934122822
322,252.9751750723105
333,109.35760577317158
344,7.171194490282569e-11
355,7.07541818012317e-11
