num_evaluations,best
40,4359413743.45674
80,4189199111.25228
124,2485111551.104931
146,1600846618.6456592
168,1578689954.4865189
179,1565826539.2846975
190,1556405095.319207
201,1548937749.4499063
234,1294884058.1882792
245,838721624.9645466
256,333221642.7205492
267,108651802.9077301
278,86617861.72372413
289,50304379.49567195
300,3850539.7226490728
311,10610.979369472087
333,375.6875832872496
344,3.2475486689711617
355,5.579521615707673e-05
366,9.273113633509035e-09
377,7.056025628961068e-11
