num_evaluations,best
40,760539258.1909797
80,673767644.1894243
113,500433559.5711656
124,405056980.8229207
146,391741005.949976
168,389042525.5996688
190,388164434.94809663
201,386746858.5156429
223,375560195.4315937
245,273584046.7514515
256,179738553.14626914
267,49866907.35080762
289,15325334.620531589
300,104501.38669298675
311,4713.266787889757
322,3263.489930504048
333,991.9881729655821
344,0.0004078824749322124
355,6.441211238420896e-07
366,7.075460382509964e-11
