num_evaluations,best
40,4812469376.601714
80,4517256053.021702
124,2753233201.5842934
146,1881195976.9461503
168,1834493442.5491915
190,1814854893.6018393
212,1811905422.4429307
223,1806907987.715774
245,1759002755.3302696
267,1313079893.7717824
289,1197212963.0800574
311,318349477.7044791
333,205969262.98357666
344,41510415.58855769
355,349.06723035236166
366,202.3848015552617
377,14.534165162018127
388,7.06493495793973e-11
410,7.06493495793973e-11
