num_evaluations,best
40,8877909644.537329
80,8472863165.68019
124,5562062896.3883705
146,4779014265.425477
168,4543349535.915632
190,4520229474.199665
212,4514636532.577726
223,4504427909.9794235
267,3006122814.110136
278,1563769676.0318332
300,1399892443.395645
311,1089109103.409157
322,679581924.7991455
333,110435245.66632292
344,34890.022416589854
355,22385.51626576445
366,4252.250219262952
377,0.0024247871929522933
388,4.110574558361963e-06
399,7.074230090888255e-11
