num_evaluations,best
40,7950089608.925905
80,7711338035.709088
124,4902517510.065344
146,3889136433.578598
168,3867094660.900997
190,3856424370.42725
212,3853034412.5865417
256,3377956654.086544
267,2590117228.745447
278,1362797763.7957985
289,164129633.61290744
311,45289890.16596807
333,963091.386394181
344,127.74674483026935
355,83.55315884108533
366,18.127392150956794
377,2.842334587005264e-07
388,3.161795898806796e-11
399,3.161795898806796e-11
410,3.161795898806796e-11
