num_evaluations,best
40,6333418613.4438925
80,5787890886.391361
124,3433407069.7154236
146,3084397414.3001504
168,2920057273.627196
190,2918231848.4092565
201,2915387407.729407
212,2910223912.7775064
256,2135571849.8202124
267,1121924898.6976802
289,994930993.9370849
300,755345128.9563019
311,459530450.27747035
322,59301208.81533246
333,10578.397519704235
355,108.62784654817139
366,0.029015147918693092
377,1.1657314101190744e-09
388,7.017022941330004e-11
