num_evaluations,best
40,1847164064.9374316
80,1740393323.0860476
113,1536999433.799722
124,1120282933.7532427
146,1114923841.3174179
157,1105938170.76341
179,1104077465.0422049
190,1101278240.7804484
212,1075561895.2570043
234,833850454.1888798
245,790593293.554661
267,418777913.83597624
289,256549383.82895634
300,33501380.216789722
311,20266.386675664882
333,11.905753813710808
344,1.404278750771444e-05
355,2.289400914195779e-09
366,7.036564373352486e-11
377,7.036564373352486e-11
