num_evaluations,best
40,509668356.89210296
80,408118646.5781632
113,324242763.9221346
124,232715420.76756307
146,191320139.67194423
157,165923793.97254276
179,162364287.6722205
201,161591608.95002735
223,155460713.92675832
245,100497621.33343452
267,82530710.03238684
278,53461009.989090435
289,14315020.542064987
300,58372.85821109923
311,110.69231678312642
322,51.2333881988136
333,0.005128029201104639
344,9.453424653733248e-06
355,5.935952648318697e-11
