num_evaluations,best
40,4430110186.462695
80,4219146896.403618
124,2116286519.2914543
146,1843518088.5309093
168,1786008281.1540847
179,1778780215.6534977
190,1770688225.8556752
201,1755471197.1129327
212,1727049680.7331436
245,768055395.6477927
267,588785477.740296
278,287021105.24755037
300,176647303.84542084
311,24044794.47723502
322,3451.408759497694
333,1981.9046673057333
344,124.98621759167297
355,7.05768130854546e-11
377,7.052040153301049e-11
388,7.052040153301049e-11
