num_evaluations,best
40,1899207346.2449744
80,1683665424.2598772
113,1484607384.7394366
124,1277491233.483932
135,1042865638.3495946
157,1004046989.827
179,1001869439.0222942
190,998465877.4325472
212,969654250.3038611
234,700945113.2340202
245,280703438.46072483
267,171077447.56641495
278,52729774.154513106
300,403584.383687199
311,259.92173991278094
322,107.7275164566456
333,6.657886914406263e-06
344,5.5450121890982086e-11
355,5.5450121890982086e-11
366,5.5450121890982086e-11
