num_evaluations,best
40,4789187303.924396
80,4346465824.8992405
124,2682149795.3843427
135,1676228286.288161
157,1647104912.0186386
168,1617977982.051295
190,1606119725.2227707
201,1594731782.5819454
223,1485601759.5437684
234,1277570857.7552254
245,1151555181.4179997
256,911158030.1916254
267,508254945.569854
278,260972373.70988604
289,1428238.7430581322
300,631.1112088129289
311,8.932395188203735
333,0.13361338539892903
344,2.366928730856726e-05
355,6.619697670686591e-11
