num_evaluations,best
40,529444353.35649
80,478241451.6420964
113,389627612.681786
124,246321543.0894389
146,209847114.42786336
168,193965023.65823418
190,185927869.64614087
212,183959100.90432295
223,180706198.44447795
245,150391703.08755657
256,101159167.00127798
267,35002858.59715487
289,5644146.398150148
300,9627.917154739927
311,6.904585243465739
322,2.368637589495735
333,9.935367620757794e-09
344,6.83911315850628e-11
355,6.83911315850628e-11
366,6.83911315850628e-11
