num_evaluations,best
40,5183197012.967421
80,4986804156.114368
124,2837620538.6337643
146,2326407886.8585634
157,2241238509.5215244
179,2225219167.820735
201,2223965746.992805
234,2175951429.2560935
245,2084207103.9954464
267,1287174677.075005
289,1013490981.0935068
300,536124059.24044216
311,52335117.86634439
333,50724.257076307986
355,1046.5321934719861
366,0.5240257891876597
377,7.000863715826281e-11
388,7.000863715826281e-11
