num_evaluations,best
40,9556104872.716312
80,9056467367.096289
124,5790408667.139754
146,5756302937.761175
157,5709884367.976251
179,5692034064.981372
201,5684496301.69918
223,5615233693.252231
256,3111622243.01804
278,2612134744.307638
289,2501729996.638301
311,1518296735.1206837
322,1244758697.3775396
333,759125679.5398293
344,95272055.41992876
355,34516.28094939597
377,385.88668897623535
388,2.1326742367500966
399,8.553016704509524e-07
410,6.294590964808971e-11
421,6.294590964808971e-11
