num_evaluations,best
40,11891386569.621271
80,11441583413.901907
124,7906023261.43391
146,5961716417.660511
168,5780367269.202887
190,5772244361.57249
201,5763064992.490859
212,5747866615.192817
245,5138011828.608022
256,4041143588.6135235
267,2266702832.9816265
278,1179669312.179617
300,671593881.550924
311,37440236.47727951
322,3168.8508788261156
344,0.5446289511593012
355,8.001950807723883e-06
366,4.9067927463035483e-11
