num_evaluations,best
40,3595660266.129096
80,3443254693.212694
124,2035581578.373528
135,1128636043.8426619
157,1035134947.6597464
179,1018226990.4874238
201,1015237632.0333383
234,914145924.4636351
245,753230771.049867
256,478737834.7906338
278,358186677.88254344
289,161596807.13188726
311,85280842.20141
322,789214.4551323832
333,258.8649426857397
344,158.73385585915418
355,20.902464943810617
366,7.028229626440202e-11
377,7.028229626440202e-11
