num_evaluations,best
40,5761928347.929573
80,5433652837.129638
124,2992420918.0542293
146,2884603716.409911
168,2836286442.897982
179,2813729996.491429
201,2802454926.182766
212,2789215412.913305
234,2663825275.422903
256,1573726063.696209
267,1129325692.671752
278,452593941.1686267
289,59438264.71013661
311,7091930.193678178
322,12455.273786502286
333,7628.077905235139
344,995.1253455128906
355,0.025719149879994876
366,0.0001446452922258509
377,7.078452626605542e-11
388,7.075451427684802e-11
