num_evaluations,best
40,3808616206.8087816
80,3647603040.9025316
124,1965957992.4684074
146,1266897041.9431987
168,1132438722.583407
190,1115728351.0642006
201,1113536946.9773743
212,1109980137.3241348
234,1077517224.0260224
256,778265493.3636943
278,655502970.8862573
289,430986917.53291595
300,100691338.54338501
322,59541802.13619781
333,5429736.388595393
344,49.19107601947816
366,0.0020625671072149842
377,8.519543440679374e-11
388,7.074855763479895e-11
