num_evaluations,best
40,421421340.72222716
80,408413947.2532897
113,377653296.39434594
124,301033435.162193
135,196716757.61389568
157,156336799.13306114
179,156114528.53951883
190,155712000.5911993
212,151975238.40323657
234,117156366.36281195
245,92164551.26242065
256,48992995.65633901
278,29757417.108893022
289,3585620.422436551
300,2.3799526195247735
311,1.626158810602711
322,0.45993403135210564
333,7.074212086445717e-11
