num_evaluations,best
40,2184903662.4778404
80,2031180076.7233024
113,1830105488.4991395
124,1328861425.2335324
146,1255541906.0614488
157,1235575930.0756001
179,1225402688.8884766
190,1214354110.6195903
212,1117835810.8523507
234,383382274.8588982
256,337364888.64368665
267,251551064.69534117
278,153853387.32817134
289,19887414.775538333
300,3724.0275994715935
311,2278.9981952945054
322,294.69543475422904
333,8.86496429284183e-11
344,7.066013411499165e-11
