num_evaluations,best
40,2980215637.461023
80,2845643116.975008
124,1584928653.5566783
135,1329614899.8992443
157,1233215054.3582196
179,1227112105.890265
201,1224220617.8302467
212,1219965932.1917427
234,1179572658.09719
256,811633984.3874378
278,729975689.4703918
289,574432760.1438425
300,327705033.42133677
311,74584316.1009285
322,593735.3814145873
333,467.8224280164626
355,0.3681208016478851
366,2.0051065518385542e-07
377,7.073382845019939e-11
