num_evaluations,best
40,8994765161.454815
80,8580935210.931242
124,5559969201.887365
146,4844803844.826638
168,4783523470.69775
190,4772188971.07177
212,4767054197.506735
245,4593399395.327017
267,3021766942.1503797
289,2749334716.999071
300,2488880840.9868674
311,1990575549.236303
322,1112411418.216671
333,555440103.5003576
344,60649836.802490324
355,304356.0992139324
377,23098.748943952578
388,192.8202116040111
399,3.012118406673111e-07
410,5.916301611132925e-11
