num_evaluations,best
40,8336559217.587797
80,7949100523.934121
124,4848809487.919912
146,4682019867.25165
157,4557980866.11882
179,4538726508.762888
190,4533132574.576113
201,4522432965.122946
234,4107862322.6925526
245,3330916246.27689
256,3053222925.812105
278,902632916.2080717
300,522944168.8367013
311,37218319.36801554
322,36014.220622986126
333,28642.71119645141
344,15687.533271242237
355,431.84535155402614
366,9.01116928148086e-11
377,7.073639794843827e-11
