num_evaluations,best
40,2926685392.257257
80,2730217086.3748207
124,1027297661.8084645
146,1007538273.8868366
168,1005930184.3675328
190,1005262252.4273391
201,1004026346.4402479
212,1002069259.083532
245,932336876.3776611
267,381977979.77180237
289,294727669.67775124
300,146933627.83485526
322,87082550.8029621
333,8144489.004761988
344,114.44043738052456
355,88.22622300125128
366,43.21896464204734
377,7.173073530411702e-11
388,7.075459653446797e-11
