num_evaluations,best
40,2019234210.8736618
80,1868533648.0958972
113,1574652932.4711766
124,1240769430.610038
146,1067032773.148032
168,1050465210.0789862
179,1041394927.798592
201,971789116.1802317
212,872520970.7942053
223,685731735.7618848
234,575002845.2213762
245,373240583.9499781
256,139525818.40490332
267,76888123.46820861
278,2418370.225892703
289,5498.67528770184
311,12.148548364072498
322,5.9983181824488555e-05
333,5.949981437649297e-11
344,5.949981437649297e-11
