num_evaluations,best
40,2073139201.7780576
80,1954224637.3622036
113,1739402292.4388146
124,1266939357.6100562
146,1208702934.4016767
157,1190231369.2443817
168,1178350131.8267307
179,1173067634.3932185
212,980085911.050633
223,644946820.0596619
245,533108925.6406433
256,331290876.77474636
267,112307121.65398367
289,793954.6398925742
300,323.8001720995157
311,176.66838773308717
322,4.458419602392371
333,2.1697037644085192e-10
344,6.988437304638431e-11
