num_evaluations,best
40,3190883588.214863
80,2740168721.8096833
124,1194895508.5191143
146,1120800728.24623
168,1100088640.5851526
190,1089316447.788475
201,1087384082.5187762
212,1084228805.4610364
245,964557674.8586372
256,743324842.9026868
278,645804905.6714873
289,463870227.8810594
300,185566368.75385943
322,74538193.20401897
333,1252580.5839518472
344,1491.6197752515866
366,1.7665921622744114
377,2.4582724975429192e-06
388,7.0748998570678e-11
410,7.0748998570678e-11
