num_evaluations,best
40,3024632169.3824177
80,2852476801.6882296
124,1137645785.3179421
146,1079969905.2259164
168,1061806430.5821725
179,1055264924.1807833
201,1053904443.766599
212,1051322195.8274847
245,957176390.5933913
256,779498531.5117848
267,607774136.6268923
278,316080600.450355
300,185590746.62749857
311,15597641.217614131
322,3093.0465522703594
333,2447.624281270778
344,1317.4858928181134
355,23.523770723045747
366,7.07304361279366e-11
